z,Est_V1,Est_V2,Est_V3,Est_V4,Est_V5,Est_V6,Est_V7,Est_V8
1981-01-31,45.892395,293.77432,117.165344,85.88218,117.00319,246.49382,88.73203,120.30235
1981-02-28,63.645977,184.33612,187.56682,158.68837,150.381,344.3134,228.47325,181.79805
1981-03-31,80.22417,296.8976,127.73911,113.7447,83.702354,84.256966,49.089462,63.37633
1981-04-30,10.005697,31.920988,31.508286,28.22799,17.974876,60.590965,30.901087,27.770443
1981-05-31,3.0150893,11.158471,5.4826922,5.022005,2.1598895,6.978497,1.632866,0.97693145
1981-06-30,0.19521552,1.6658645,0.36902818,0.70599747,1.1435366,0.9590212,0.48881736,0.37034413
1981-07-31,0.46035737,0.56248844,0.67701495,0.313568,0.9899232,0.96529144,0.76945096,0.77169013
1981-08-31,6.641862,19.552374,9.022709,16.539272,30.079855,18.534876,13.000956,16.724962
1981-09-30,10.100362,42.99886,27.823927,14.175393,11.168687,7.0460777,5.9065123,4.268297
1981-10-31,23.266209,52.32102,34.71855,34.869366,44.016243,32.73084,17.892704,15.805162
1981-11-30,23.625305,45.237713,40.593613,41.01906,85.50331,75.27094,75.70047,79.82861
1981-12-31,82.0599,148.78513,76.48303,73.41282,143.55324,88.69208,85.40977,108.958305
1982-01-31,30.468737,211.77611,106.79653,61.46719,96.274445,319.08316,81.44872,74.79905
1982-02-28,81.028465,207.58662,189.01352,125.59444,107.5093,276.83188,178.2641,141.88731
1982-03-31,46.74991,393.5654,103.14178,127.035255,85.81854,38.791428,20.521843,46.62719
1982-04-30,11.9822645,39.352768,41.41026,41.254635,24.030169,79.59045,29.072428,29.728802
1982-05-31,0.6390615,4.303628,2.6209981,3.5367172,2.6079829,6.6799564,1.7031109,0.82249963
1982-06-30,2.2570238,6.10932,2.1040907,2.094534,2.3471866,3.624037,2.3876185,0.8112206
1982-07-31,0.9138865,1.6910075,0.5893486,0.30189815,0.7418554,1.660212,0.791067,1.1493803
1982-08-31,1.9979979,4.784376,3.7463453,7.20427,13.731381,7.456544,4.419152,5.424069
1982-09-30,12.315291,28.563606,48.862118,17.880241,16.641829,29.601332,15.087546,10.489252
1982-10-31,13.198856,31.445522,25.109604,27.995476,47.549786,42.010612,31.013298,44.807304
1982-11-30,17.943056,34.229134,32.8199,31.617386,71.993126,80.38684,48.817207,62.57541
1982-12-31,38.290115,59.842983,50.475925,38.49474,49.67997,103.090744,62.73448,37.120464
1983-01-31,39.55175,239.42569,126.5236,94.155495,116.72838,306.28577,110.74712,85.6958
1983-02-28,45.48221,98.98445,98.47767,64.47282,53.236374,123.67403,94.41666,60.4578
1983-03-31,35.058044,119.14742,105.918274,108.571465,131.12366,181.55255,108.021675,116.27004
1983-04-30,12.500431,39.08783,28.792885,34.81819,38.336575,51.61945,37.88684,57.365402
1983-05-31,0.66951615,5.340899,0.7801436,2.1501226,4.0517616,2.4118464,1.4414395,2.461361
1983-06-30,5.6112957,13.041039,8.410759,7.325302,5.4232364,9.291237,5.0939527,3.6036386
1983-07-31,0.621977,1.0975534,0.6987129,0.63627344,1.4525682,1.5507857,1.0860103,1.5578971
1983-08-31,1.6806427,1.759057,1.7566795,1.7157366,0.9196197,2.53327,1.1373672,0.6942842
1983-09-30,14.2839985,39.57953,69.65004,29.704004,29.594828,37.373585,24.0197,15.273689
1983-10-31,2.2644265,4.97815,3.3814855,3.425893,4.8080435,7.5002956,3.0903947,2.6740136
1983-11-30,7.286266,12.105874,14.71957,11.899026,28.912674,27.366043,22.731947,23.199373
1983-12-31,70.3304,95.732635,88.54993,60.667908,95.24044,157.235,112.53428,106.09224
1984-01-31,46.38309,305.74725,152.5171,91.978836,117.89038,485.29477,125.36269,123.19455
1984-02-29,76.35123,163.2672,179.07338,136.55014,148.36172,301.71695,242.83073,261.2721
1984-03-31,97.21889,195.94203,257.5216,152.75803,110.327644,307.5018,145.9797,180.75543
1984-04-30,22.487047,62.68524,90.53366,69.9842,23.28058,161.57776,37.228218,23.868788
1984-05-31,12.699333,39.1022,29.600624,20.23758,9.995591,33.494453,10.483977,6.6590843
1984-06-30,10.245208,41.223206,29.622923,19.968946,27.149733,58.2025,19.07277,17.78037
1984-07-31,1.7478207,2.108354,2.5248997,1.0985569,2.4687347,2.3659277,1.9922361,3.399571
1984-08-31,4.535757,9.155919,4.9527726,6.563346,11.460079,8.050107,5.635036,4.0148306
1984-09-30,9.835557,25.400696,44.672752,10.827182,5.229688,16.716911,7.323883,3.543433
1984-10-31,20.80223,48.55414,30.558525,54.340534,73.89232,56.66129,46.30611,40.24416
1984-11-30,21.572199,53.486774,30.584833,43.151245,94.63411,58.550682,62.036915,108.60029
1984-12-31,64.25555,95.80016,82.21242,63.91409,99.27987,188.14882,131.01782,125.01035
1985-01-31,49.91794,262.51648,164.21674,97.35835,101.42854,308.2571,95.929985,64.59029
1985-02-28,47.555103,116.24083,98.95673,73.637054,76.52787,122.518425,106.96289,125.97101
1985-03-31,47.534863,248.8148,146.63046,125.15853,105.266594,168.2763,81.61673,81.04773
1985-04-30,22.30351,96.191246,82.12702,82.02451,38.31544,174.97926,55.961143,47.24678
1985-05-31,6.8968225,20.024189,15.270464,15.897666,14.524937,20.632538,7.360186,5.145085
1985-06-30,3.225211,10.538829,7.0816894,7.1859155,9.172215,19.57686,8.812723,4.8020053
1985-07-31,1.3092767,3.5626502,1.1974524,1.6786468,4.4321256,2.4988759,2.0664792,3.8115795
1985-08-31,6.207284,7.4409957,8.341729,7.623668,2.7107604,8.408119,4.031827,2.5674193
1985-09-30,11.79004,36.076717,44.7791,23.609102,14.447355,16.674576,10.163193,6.4094872
1985-10-31,7.069315,11.632957,11.847184,10.914537,12.961124,20.054476,7.758349,5.785312
1985-11-30,21.637316,26.222754,30.127905,24.72721,40.151237,43.034443,31.402084,31.872913
1985-12-31,58.8896,106.572,79.32947,64.75614,130.32568,156.85172,125.63661,137.37181
1986-01-31,50.87159,265.66074,116.25069,100.561676,147.212,258.64917,129.40945,177.52974
1986-02-28,61.890812,151.1224,148.85959,101.004395,99.71039,201.84557,132.64235,121.973045
1986-03-31,61.61121,408.60083,232.30922,257.76654,238.59026,205.19975,118.50671,160.58098
1986-04-30,16.609015,48.09668,49.66939,57.585175,35.215298,120.0313,47.809853,30.033743
1986-05-31,2.801163,6.5744867,9.065135,6.1784315,4.3152714,13.5234995,5.059575,2.9626973
1986-06-30,0.104905486,0.6374575,0.16531874,0.24726301,0.35250938,0.33690733,0.16418661,0.14768668
1986-07-31,0.62794495,2.0776398,1.308551,2.1635065,5.976228,2.7563903,2.680134,4.966144
1986-08-31,8.0339155,16.8174,12.429786,18.854822,22.54293,17.795794,12.470605,14.405936
1986-09-30,9.421566,31.582094,46.030357,15.152267,20.784283,22.61271,10.808619,8.050441
1986-10-31,5.3253965,13.192002,10.845544,8.473187,12.703518,18.878645,5.227537,5.2462296
1986-11-30,4.630714,7.9690495,10.86779,8.847519,32.934357,33.95943,24.686201,27.205095
1986-12-31,40.502975,66.121155,53.685997,44.62732,84.17399,103.02666,74.36995,78.53709
1987-01-31,43.92134,208.90245,95.25328,86.79034,116.03604,218.1672,107.36228,122.873856
1987-02-28,67.58271,119.624466,129.08476,86.00359,66.31915,151.58374,112.45976,77.09386
1987-03-31,45.828148,201.92146,143.43166,142.61714,135.28288,152.05632,78.85642,68.47963
1987-04-30,7.597036,20.429132,24.941696,18.959263,10.50257,44.738724,12.856048,9.156032
1987-05-31,2.0462673,15.666452,8.06001,8.30202,5.6448007,15.075051,2.6571283,0.915935
1987-06-30,2.8755329,10.151291,5.7000904,6.0925136,4.683002,8.862611,4.8013,2.9764147
1987-07-31,3.952243,9.021235,5.0086784,5.25325,12.840488,6.021965,5.3403897,9.491441
1987-08-31,0.46533796,1.6004665,0.9190451,2.4896317,7.583913,5.1005783,3.3508785,4.3377805
1987-09-30,11.93675,15.963697,47.629303,10.218951,3.8712754,23.688402,9.394418,3.914491
1987-10-31,15.843973,29.311007,29.53232,29.038599,34.223663,50.860744,29.461725,18.483309
1987-11-30,17.064459,34.067963,30.59867,33.087738,53.10032,68.376045,48.945793,38.146954
1987-12-31,81.23813,116.73447,90.08957,51.456623,52.390907,146.08221,65.09775,37.019466
1988-01-31,43.920013,202.00966,114.87979,97.2323,132.7539,318.3584,140.64645,153.45636
1988-02-29,56.812916,132.87215,141.22508,113.095894,110.75232,190.14445,166.30894,139.80731
1988-03-31,29.104116,210.24365,121.63402,137.36002,154.00063,143.67479,80.06077,101.406136
1988-04-30,2.881504,11.633726,11.420334,12.569004,15.378459,31.462906,14.62542,17.15181
1988-05-31,10.3403015,33.687363,24.825834,24.270653,17.335136,37.3291,15.66089,13.034309
1988-06-30,3.7240322,11.026997,4.9468875,4.373047,3.1612537,6.3326554,2.8982387,1.4259717
1988-07-31,0.4272467,0.51206,0.2783992,0.09099387,0.6032401,0.809994,0.42586932,0.70296055
1988-08-31,0.7161447,0.70959365,0.9547027,0.73743415,0.4502223,2.1801114,0.62891567,0.36036608
1988-09-30,15.762554,28.161922,55.07646,14.239991,6.028454,30.848724,13.816719,7.4660573
1988-10-31,25.991552,50.111584,42.660183,41.088245,37.90074,56.67472,26.40313,13.50721
1988-11-30,7.2771716,14.279259,11.569246,12.572395,25.82151,30.516306,22.048346,16.842804
1988-12-31,71.51379,127.396225,99.33571,84.69232,120.94211,180.1214,133.98053,130.30545
1989-01-31,41.76529,256.67758,125.39699,110.59006,148.72778,350.36124,143.66034,158.57492
1989-02-28,44.75733,108.845505,102.734566,92.13485,90.19805,144.99701,112.75391,103.00816
1989-03-31,54.275826,262.8064,165.86517,199.08572,235.18646,251.68996,163.18744,187.3171
1989-04-30,21.103275,98.75831,58.018806,78.61933,40.595966,99.84091,57.642197,44.26177
1989-05-31,2.9234753,12.13149,10.004346,12.353819,8.690062,21.22855,8.684023,5.0911813
1989-06-30,9.453482,39.568905,17.380953,17.874,16.610748,32.437786,14.952775,8.456041
1989-07-31,1.2753417,2.5836666,1.3732774,0.9350192,3.3201718,1.7096486,1.8310847,2.7026343
1989-08-31,12.343819,21.980864,15.986946,22.623224,22.894709,21.849375,15.160611,12.849493
1989-09-30,17.558111,48.790466,80.66793,34.580013,24.60504,40.67888,24.09121,13.7258415
1989-10-31,30.388254,58.083797,52.449833,52.49257,64.48662,94.611145,39.341618,34.807167
1989-11-30,37.208195,70.73299,66.83374,62.574978,67.775604,96.7719,70.516685,44.29423
1989-12-31,73.880356,106.73105,77.97384,47.93301,42.90836,126.84949,67.59451,30.129536
1990-01-31,23.284575,164.42006,83.416756,69.58595,111.22259,233.16266,86.67131,73.22086
1990-02-28,74.23845,119.82483,133.77249,68.352974,34.17099,145.87903,82.18157,30.315716
1990-03-31,34.365246,197.72768,141.88264,121.741486,107.998375,173.3437,77.80434,62.21767
1990-04-30,14.83799,50.97236,40.295956,42.69526,21.358912,83.34534,27.51505,17.718508
1990-05-31,1.3264465,6.6903796,5.8840985,7.3360744,12.883986,17.37281,7.6819067,5.5566645
1990-06-30,27.994364,116.25698,46.473873,58.27237,76.62102,64.47466,39.38671,27.156223
1990-07-31,3.4634562,8.981839,4.2917037,5.0182896,8.121384,8.856637,6.110293,6.854952
1990-08-31,12.996856,23.697735,18.795256,21.394321,13.197365,20.370762,12.1556635,7.8359246
1990-09-30,41.567463,120.36483,195.22122,81.22312,47.23988,102.52842,48.079426,21.057276
1990-10-31,34.52469,62.771843,62.473206,62.774128,60.012085,87.442566,51.248238,34.139256
1990-11-30,15.541058,33.39004,29.813375,34.53213,79.64126,74.21257,65.17637,86.27891
1990-12-31,60.56791,109.20893,70.478676,62.109493,101.19969,119.72035,91.45485,87.811714
1991-01-31,33.33176,207.9161,105.94922,67.37583,86.98443,287.6296,90.530136,79.40246
1991-02-28,68.08003,145.95058,133.35454,98.52442,96.52259,156.72185,130.47911,99.57865
1991-03-31,66.97435,298.13174,191.66177,180.59499,159.49153,220.35341,113.67775,149.52538
1991-04-30,14.706303,47.434345,50.51759,46.691647,24.405777,88.31751,34.27626,29.825201
1991-05-31,5.5430326,24.823158,13.313769,16.467152,8.343879,24.679953,7.554716,5.6977377
1991-06-30,8.233833,33.11748,12.861363,17.760315,18.17732,17.391329,9.7234745,8.429054
1991-07-31,0.9716381,3.1083798,1.6006123,2.1800697,4.413499,4.295796,3.7898698,4.053971
1991-08-31,1.6569889,1.9489623,2.1491332,1.7150116,1.4393936,5.1890607,2.0799572,1.0482647
1991-09-30,12.531245,28.235533,52.1566,22.507776,16.221916,29.08075,16.473164,10.461783
1991-10-31,13.61791,34.050213,28.296303,29.445368,43.916763,50.370293,26.641592,37.44013
1991-11-30,23.468037,50.937794,40.282528,48.091263,77.15183,71.77823,62.53331,58.453587
1991-12-31,42.4876,59.151936,49.017403,39.91081,59.93381,105.63458,66.75285,40.937126
1992-01-31,30.137892,157.55505,105.40942,74.83079,86.972496,198.66048,62.83155,46.69993
1992-02-29,46.12007,111.64058,115.847595,85.88265,84.36016,156.8244,95.41972,49.003086
1992-03-31,35.37108,203.93022,155.4983,161.72662,143.55702,153.5905,68.469795,56.725075
1992-04-30,11.584738,24.834198,28.634966,25.028294,21.269682,38.215446,21.222857,18.714035
1992-05-31,1.2761337,3.4211102,6.907671,4.7354703,2.840768,14.012604,3.1010973,1.5944104
1992-06-30,8.187719,39.480003,17.40542,17.486753,19.336838,25.363943,12.453724,6.2602234
1992-07-31,4.2758927,10.748694,4.5135946,5.271135,10.558603,8.183302,6.69792,6.71273
1992-08-31,23.877026,34.127426,32.275833,29.161983,21.164246,37.011185,15.111094,9.81836
1992-09-30,21.097446,41.260372,112.835266,27.2829,15.333555,52.144432,20.89048,7.9226093
1992-10-31,25.704597,49.267487,41.220608,47.173534,50.970043,70.98332,37.09127,26.241026
1992-11-30,28.672699,48.938496,46.51529,39.89864,58.84157,75.86249,50.85129,39.67485
1992-12-31,52.793392,79.43866,70.06432,50.60448,75.61467,123.47006,85.9326,67.22705
1993-01-31,41.246227,258.0279,125.03785,88.63937,130.67116,404.06512,123.66199,139.23085
1993-02-28,64.11037,141.19504,131.48543,105.25322,106.30119,165.096,144.63927,126.11546
1993-03-31,52.764282,231.36894,176.82178,183.56302,187.18982,232.05223,136.93466,181.20921
1993-04-30,24.643438,82.34113,76.523026,74.10485,52.66662,138.86859,57.833088,55.037434
1993-05-31,4.614687,27.45076,18.138754,17.259098,16.78111,35.744553,15.31191,9.004759
1993-06-30,9.235186,31.697289,15.477095,16.679998,15.054197,19.008226,10.308391,6.861193
1993-07-31,4.8305473,11.879759,6.640778,7.014658,12.125124,15.18396,8.051135,8.193339
1993-08-31,16.87535,24.027111,14.982086,18.219366,13.046187,14.50776,8.560896,6.0344486
1993-09-30,18.232412,55.02249,71.53002,26.404268,21.662796,27.83646,17.041874,10.845592
1993-10-31,38.074715,65.07538,66.3249,69.903336,83.71122,118.32093,68.96426,50.627064
1993-11-30,40.07754,83.00859,57.692398,68.85103,113.95381,111.52295,98.81893,87.809845
1993-12-31,96.97322,134.82912,121.03594,102.90415,156.5848,254.27469,185.9589,176.56474
1994-01-31,59.478928,331.54672,161.68124,141.53375,193.6384,455.20267,167.00064,204.89738
1994-02-28,73.72891,148.79337,173.83319,147.02724,181.00789,266.52298,206.60136,250.00177
1994-03-31,50.381096,210.45782,171.27814,183.0809,214.9059,213.54526,135.35286,186.83043
1994-04-30,29.979359,81.456406,84.21307,66.47731,42.27244,136.8321,49.49855,46.254467
1994-05-31,4.8438272,22.40424,12.603457,15.532991,13.477576,22.184769,8.647485,8.811988
1994-06-30,3.1531544,13.292506,6.731763,8.153178,9.777771,10.895109,6.062277,4.3243313
1994-07-31,1.0631123,2.0784118,1.3969867,0.8125751,2.497584,1.9388372,1.92601,3.2434318
1994-08-31,1.8786856,3.379876,2.0660536,2.5475595,3.0194716,2.9913945,1.5725312,1.3898441
1994-09-30,14.816542,40.76512,47.56879,20.970732,18.275656,13.966642,11.592432,10.345575
1994-10-31,17.917768,38.215206,33.210712,35.68823,36.50765,45.013733,24.483046,21.522806
1994-11-30,19.110384,30.7123,23.079271,26.246447,46.76791,46.767216,38.401848,36.138046
1994-12-31,61.13445,95.22277,74.1079,61.132843,79.59253,111.04768,84.225586,87.5967
1995-01-31,48.00607,212.7046,115.73519,74.7248,85.220825,242.87318,98.87796,130.24693
1995-02-28,51.444534,126.136475,117.17732,90.51604,94.66975,152.756,120.273636,85.00896
1995-03-31,59.378582,283.49335,179.47272,144.50928,138.13033,175.6532,88.15046,124.94913
1995-04-30,11.382081,35.3704,35.428856,36.810204,20.33924,63.09047,29.026217,26.930466
1995-05-31,10.20435,49.373074,23.676678,24.90871,13.916014,23.43469,13.103753,7.1690683
1995-06-30,10.515406,22.849808,8.363032,6.9353414,3.9878771,2.6738837,2.2962158,1.8376595
1995-07-31,2.1382012,4.324316,1.5616331,1.5896143,3.4733174,3.2290168,2.2236764,2.9367962
1995-08-31,0.6529019,0.94346434,1.6649039,1.7257252,1.5069039,3.9630127,1.4749011,1.1749928
1995-09-30,10.379059,28.870686,42.367893,19.286373,19.442732,25.778534,17.758898,17.028347
1995-10-31,8.9815445,19.097622,23.279364,24.978592,35.718178,54.070534,27.326302,22.547752
1995-11-30,26.693094,53.73277,39.734184,45.45912,90.693665,84.62687,80.239784,85.19223
1995-12-31,58.955635,80.30341,67.78787,50.097763,74.71892,108.72334,82.2073,84.21401
1996-01-31,29.461977,241.59479,127.680534,74.20376,123.33658,474.96582,128.78409,125.19344
1996-02-29,70.518936,168.87332,172.35056,121.93173,104.44773,227.75485,169.71149,153.42065
1996-03-31,41.228928,241.02208,160.34908,164.18378,165.8183,231.83551,95.04487,111.61255
1996-04-30,17.015005,44.621956,65.37412,44.191227,22.577768,147.22308,45.838154,35.25225
1996-05-31,2.1244826,7.249394,4.890543,6.320148,9.233395,6.7382865,5.8648996,5.8704658
1996-06-30,5.3344007,10.73471,5.8189955,4.8150096,3.3836236,5.40218,2.6748981,1.7298698
1996-07-31,0.71039,1.1241063,0.5951507,0.34159416,0.6863066,1.8896766,0.87634224,0.77933615
1996-08-31,9.635783,19.481194,12.157166,16.532135,22.205667,15.202306,7.2876616,7.381704
1996-09-30,12.687174,29.793653,41.874996,17.89815,17.866367,10.239814,11.571311,10.643257
1996-10-31,26.522238,49.120945,31.458158,35.501896,46.784077,24.641644,19.079782,21.857454
1996-11-30,24.684591,51.751488,33.992058,36.81398,50.12997,42.155487,41.47387,36.144352
1996-12-31,57.568245,104.14076,72.121185,61.91199,108.1449,128.63031,101.50938,98.03437
1997-01-31,36.588047,247.23079,112.37078,77.86146,112.443085,335.04623,95.50238,88.25048
1997-02-28,95.66631,184.35767,189.13013,135.36232,119.93733,166.53737,152.09421,130.29597
1997-03-31,48.893658,198.49088,166.27576,147.4747,141.77359,173.93083,81.31989,110.25141
1997-04-30,17.776518,53.343765,37.140858,38.945515,26.917263,50.335003,23.556452,15.622878
1997-05-31,1.7906023,6.8120418,8.697371,8.362568,8.865242,31.601337,7.64562,6.4625077
1997-06-30,1.5910249,5.529499,2.0142627,2.0496368,2.1376748,2.0753207,1.0783243,0.81460965
1997-07-31,0.5132097,0.69502896,0.5749377,0.54934335,0.43681428,1.3706923,0.80187887,0.5632714
1997-08-31,12.799773,23.923052,22.553993,28.271849,29.102484,54.098896,27.581104,19.60378
1997-09-30,18.577856,47.28555,72.24253,34.294624,31.783062,45.448048,30.683836,23.724613
1997-10-31,11.720395,26.159643,20.611906,27.752441,45.60596,37.87816,26.396055,30.195738
1997-11-30,23.404606,47.986332,43.376556,44.663403,73.22389,93.17953,60.705193,50.695663
1997-12-31,44.281654,85.365974,69.229805,67.22718,108.16436,153.54861,106.670074,114.05473
1998-01-31,48.73325,179.73691,130.65738,108.48098,161.13203,289.7785,141.20992,186.06927
1998-02-28,90.86934,162.19028,242.01076,138.29103,119.19981,253.89635,127.561,113.32578
1998-03-31,53.309837,166.19542,152.76138,152.74628,169.82164,228.72958,131.76056,176.30612
1998-04-30,16.278639,43.041077,39.194656,41.304295,31.891607,63.407703,28.171041,23.267517
1998-05-31,0.9648703,2.8912573,1.2851449,1.2805088,0.84193,1.0689446,0.38714805,0.35756642
1998-06-30,5.948945,20.813467,11.530089,12.440019,13.664889,24.280312,12.343535,6.6971827
1998-07-31,0.08576147,0.24470831,0.09843977,0.15389194,0.33301935,0.59214276,0.44389716,0.53613114
1998-08-31,1.7279373,3.1499238,1.4853894,2.6980026,3.329095,2.105398,1.9022814,1.8795967
1998-09-30,5.1330686,16.713339,27.948114,10.603201,6.881056,8.352651,6.1612926,5.0991473
1998-10-31,24.56871,51.009727,35.7818,40.293747,53.072525,50.853123,31.632904,26.663929
1998-11-30,38.589355,62.6354,50.22969,51.097492,79.36327,90.23446,78.14728,62.14149
1998-12-31,80.97762,125.06697,102.14049,80.63018,102.649315,159.45308,117.75808,99.68369
1999-01-31,38.33862,221.92603,115.34994,69.76637,90.206726,192.50252,70.063034,86.32704
1999-02-28,96.98116,146.14034,227.68175,167.12933,134.95096,357.9974,265.05838,152.1135
1999-03-31,61.541206,302.1984,232.82826,208.22816,188.01378,316.27856,142.25533,182.76073
1999-04-30,20.761724,68.186844,72.27254,78.36191,52.06408,170.95848,65.3609,68.34633
1999-05-31,1.5675738,7.561679,3.9514308,6.2578483,10.371804,5.9774575,4.94177,6.877002
1999-06-30,4.360452,24.11259,13.912592,13.911579,14.227798,22.990713,10.404549,6.772162
1999-07-31,3.8546855,9.485912,4.053366,4.424477,7.1899543,6.7126617,5.708129,5.419108
1999-08-31,0.24008998,0.39807406,0.57973415,0.9946075,1.8278618,2.5662992,1.4170837,1.6991247
1999-09-30,26.095718,37.661823,85.93596,33.0037,23.816391,77.41343,30.430706,18.942766
1999-10-31,22.777866,40.566,45.759247,51.34096,59.713623,102.18033,57.59581,56.718063
1999-11-30,18.629797,40.27584,21.547443,25.4227,44.426926,31.298218,36.042427,37.328968
1999-12-31,77.69034,118.08704,93.324265,74.38013,127.640816,159.31194,124.69394,120.13347
2000-01-31,36.66876,245.6159,102.75427,78.405525,103.07283,241.39651,121.09735,130.73691
2000-02-29,76.52061,201.38426,175.1918,138.02368,121.23839,241.03267,205.46364,140.85942
2000-03-31,67.60341,232.44489,153.24431,154.79198,171.0931,153.9135,104.26554,188.19478
2000-04-30,20.029142,48.697914,30.316978,30.484112,19.13194,27.051085,19.753016,20.604166
2000-05-31,5.7220273,27.833473,14.427528,14.944949,10.834598,33.570465,10.505373,7.396023
2000-06-30,4.0561585,14.181699,8.035126,8.118274,5.486909,8.884598,3.375429,2.0406897
2000-07-31,2.2680473,9.90006,2.5211978,3.806897,9.904448,6.205967,5.470951,5.4060025
2000-08-31,3.3354366,7.97838,5.793953,7.852601,8.707704,10.664058,5.740129,3.486424
2000-09-30,7.3087425,11.915158,40.819016,9.468267,7.5454836,15.430264,8.600928,8.910522
2000-10-31,25.657545,61.686756,58.33742,73.08619,84.75778,102.099976,66.22746,61.01634
2000-11-30,11.932994,26.437576,22.934347,24.72155,40.114975,36.943108,36.899082,35.50488
2000-12-31,60.07968,112.437386,76.79686,76.103424,132.84015,156.6171,144.23378,133.30489
2001-01-31,45.324398,276.89755,130.9673,116.619835,185.05539,349.19052,163.49612,197.03136
2001-02-28,50.305737,129.7133,98.23034,89.71562,87.84273,134.6867,144.22246,150.30354
2001-03-31,48.531384,179.00575,104.89507,132.86684,163.42279,143.79037,125.09956,231.44563
2001-04-30,7.578401,25.552889,14.734533,20.98098,19.98868,27.314747,20.849766,25.593061
2001-05-31,9.017903,40.707222,22.052032,23.942509,16.195456,45.58714,15.102729,6.072973
2001-06-30,2.8656914,9.035339,4.203476,5.2905607,5.2350173,5.736483,3.6586175,2.1017756
2001-07-31,6.559777,23.739319,12.793387,14.220808,19.070715,22.303,13.945571,13.623311
2001-08-31,6.9251704,11.155129,10.808451,9.820676,8.330809,19.667833,8.356616,5.041889
2001-09-30,12.231161,36.129433,58.242054,23.711258,29.114605,33.675114,24.382961,19.847202
2001-10-31,32.46866,55.468784,45.068977,44.79186,49.425735,65.0415,37.19288,30.753641
2001-11-30,30.164825,67.5398,43.623894,49.78295,88.203125,80.619255,78.27034,68.97386
2001-12-31,65.0877,118.81568,58.124733,47.406693,85.30199,90.374306,60.210987,44.239727
2002-01-31,17.431406,131.04906,66.457306,38.91332,53.099056,200.77507,53.864132,45.463505
2002-02-28,108.45927,210.4934,206.95798,149.86185,156.86084,252.51517,193.1772,186.63705
2002-03-31,50.790276,192.7885,145.46548,120.40593,138.86356,206.75638,95.27805,128.02199
2002-04-30,22.494692,66.728615,50.649483,46.08615,35.701805,99.89648,39.60642,46.256985
2002-05-31,4.425962,24.151878,12.265855,19.463598,15.705193,27.160065,11.142422,7.4876533
2002-06-30,0.70087516,4.362523,1.0790449,1.8272241,6.772838,4.15386,3.3718834,3.1566129
2002-07-31,9.126595,22.369131,20.761847,15.178066,20.63927,62.96372,25.998804,16.124056
2002-08-31,7.198415,12.108677,8.489095,8.66758,6.9479365,11.505675,5.338763,3.8126702
2002-09-30,27.580048,64.05692,109.679405,44.89963,31.697577,62.06493,37.982815,22.355417
2002-10-31,29.478155,54.383095,53.052658,50.390606,62.528553,84.870865,43.409615,35.104847
2002-11-30,27.58709,56.003777,39.344883,36.916103,61.181667,64.902916,51.575916,44.936195
2002-12-31,82.424515,133.61824,95.53368,68.4505,114.58435,177.8121,117.504265,84.68446
2003-01-31,26.316328,167.37141,93.58634,66.10549,97.9456,270.69824,99.862526,99.966125
2003-02-28,78.42716,178.79735,169.10909,123.26836,123.82196,211.76387,166.30943,130.43842
2003-03-31,66.722084,402.27658,213.22394,184.18338,173.78287,220.88553,86.663605,112.06659
2003-04-30,20.441118,65.21017,62.30007,41.96867,19.612469,120.27526,31.756699,18.440483
2003-05-31,3.3706925,18.365688,13.641505,16.420538,10.799408,22.202148,10.88594,6.019308
2003-06-30,0.9019591,2.7879758,0.62710845,0.372464,0.5101808,2.020327,0.5092752,0.23313089
2003-07-31,1.1123525,2.3178778,1.2913222,1.242832,2.0301704,3.078813,1.7661543,1.7993147
2003-08-31,10.912875,21.609413,18.284286,22.590227,18.221834,27.050652,15.755228,10.119225
2003-09-30,18.934317,54.461292,61.116463,24.533773,19.407177,23.03272,10.88421,8.909808
2003-10-31,18.775223,35.896736,36.878876,38.7544,42.549362,70.73673,32.879192,24.168941
2003-11-30,14.403501,26.6488,23.579786,23.982101,48.690914,43.641987,36.953247,37.428978
2003-12-31,65.713776,124.64135,81.44595,67.27019,105.03776,192.96425,137.54071,113.145
2004-01-31,46.741325,186.31618,116.50738,79.74151,88.02788,205.37897,83.38272,79.254684
2004-02-29,56.141964,145.66112,175.54549,105.7717,105.02899,212.27287,138.54143,117.486336
2004-03-31,42.197563,208.19012,138.37227,125.80798,142.36464,167.36821,83.000534,127.91856
2004-04-30,9.781666,25.682104,36.820072,27.541182,17.565151,85.1,23.865982,22.486662
2004-05-31,2.9215143,12.063214,10.02794,10.020583,7.322649,14.12148,5.4086957,3.8666167
2004-06-30,3.1240733,15.43864,9.286207,11.084591,16.607176,21.95927,11.162096,6.211891
2004-07-31,11.29432,19.730633,17.669144,13.678207,16.58024,32.4959,18.336378,14.489375
2004-08-31,7.539417,13.327421,12.027442,13.213873,12.944957,16.98757,11.649657,8.166982
2004-09-30,24.17015,49.627693,89.66888,33.950405,27.665619,36.256916,26.48422,20.505648
2004-10-31,30.149569,42.673367,45.991676,39.06843,41.4293,67.75792,33.064632,26.89495
2004-11-30,25.181078,52.68435,36.409695,43.015522,82.623955,57.802475,65.44334,67.92828
2004-12-31,75.04192,140.74469,95.050674,72.768,115.41249,257.1787,142.61633,111.59486
2005-01-31,26.725058,120.94062,99.91118,51.41014,71.15953,199.7624,63.108044,62.728786
2005-02-28,60.180637,127.49642,134.56651,87.89221,78.59179,113.62406,96.46545,87.66556
2005-03-31,52.86385,309.17474,208.2978,196.27754,217.6605,239.3611,104.29817,131.07455
2005-04-30,11.235885,31.03175,39.0057,28.332338,13.220661,83.81919,23.828453,18.330988
2005-05-31,1.1544553,7.2237825,4.6725383,5.014022,5.611278,18.813694,3.5428789,1.9491665
2005-06-30,0.18243507,1.3040165,0.1210659,0.29153606,0.67413557,0.6554498,0.27058783,0.22888319
2005-07-31,1.3005571,4.000692,1.5567939,1.3665848,2.2125878,4.346194,1.5155156,1.128749
2005-08-31,2.3448074,2.7898052,4.5889616,4.356465,3.9390788,10.609334,3.595114,2.3903105
2005-09-30,9.212245,22.44461,59.096462,24.052258,23.843845,57.08254,32.71676,21.549597
2005-10-31,30.093773,55.14593,50.712173,47.37639,49.711052,83.18696,33.149006,23.302515
2005-11-30,20.76233,38.02565,27.844519,29.680307,46.15596,50.060997,36.067696,33.870003
2005-12-31,77.71143,132.8465,90.229515,62.74369,105.40529,199.82307,131.7864,109.43747
2006-01-31,49.74312,234.1588,165.32655,102.0785,112.14235,460.1667,144.11562,125.13107
2006-02-28,86.95545,140.15057,194.4486,128.42867,113.074036,225.06198,161.5014,135.20479
2006-03-31,63.680965,186.29501,176.24628,142.85149,149.35876,229.028,112.00774,169.35202
2006-04-30,24.803278,70.505226,66.64418,57.15437,27.818468,147.34483,47.166595,37.923634
2006-05-31,0.16645636,1.320295,1.224683,1.3123331,0.99905646,2.437887,0.61282426,0.556317
2006-06-30,2.5178344,12.315872,3.647368,4.192532,10.352667,25.500666,9.48901,3.6724148
2006-07-31,0.39289534,0.9048396,0.22298369,0.22438736,0.91057295,0.73249716,0.61023355,0.9516033
2006-08-31,5.7571387,14.273848,9.914359,18.036348,18.768545,26.05358,12.393283,8.120962
2006-09-30,11.171223,32.40299,56.378407,19.874838,19.294758,21.95569,17.074972,15.589902
2006-10-31,38.520576,58.416462,55.477776,52.68916,55.454887,80.22239,40.68341,34.87073
2006-11-30,31.338877,61.813087,50.48405,52.393703,81.900345,113.73777,81.51615,67.14738
2006-12-31,56.79006,103.9287,61.00505,48.641018,92.770004,157.48407,104.50053,84.04133
2007-01-31,38.506725,192.28261,107.224976,82.22025,114.96521,224.41266,93.54735,121.96026
2007-02-28,50.58499,93.38813,140.36812,93.853676,83.57337,162.81348,135.69371,106.08035
2007-03-31,59.17959,263.49237,179.2703,196.721,227.26576,263.27228,166.70593,239.55367
2007-04-30,20.919615,52.86744,65.96498,49.707165,29.188429,133.38637,50.87952,41.82321
2007-05-31,6.673994,16.609032,19.120955,20.086546,8.893192,22.36322,9.823399,6.2436886
2007-06-30,0.19552004,1.0294998,0.20544429,0.2880924,0.8810832,1.0552535,0.9429049,0.739932
2007-07-31,3.1726344,9.387924,4.529942,3.7463064,8.549834,9.647874,3.9539607,5.061717
2007-08-31,1.5285004,1.8896155,2.0354416,2.7072887,3.501682,6.145362,2.9021785,3.029103
2007-09-30,16.10545,40.123363,80.50415,35.47555,27.958311,36.54223,27.9453,22.835157
2007-10-31,40.880558,59.088665,60.686916,46.542713,47.90072,80.55152,34.34059,25.841616
2007-11-30,26.719164,48.934105,41.056946,35.7057,58.676617,75.22995,47.656406,44.039787
2007-12-31,102.02571,159.22159,114.98821,79.23893,114.6823,229.72112,139.06274,91.012245
2008-01-31,51.48452,238.07214,151.15195,110.669815,140.7429,417.48956,171.52542,163.01671
2008-02-29,70.15117,136.35533,195.15012,120.25972,99.01766,237.60622,160.402,111.87279
2008-03-31,56.03537,91.57653,190.72426,112.25185,89.33174,175.70247,84.9184,90.79065
2008-04-30,14.008139,33.365612,36.8649,33.28888,19.563202,49.41648,21.256472,18.70162
2008-05-31,5.4129353,22.620617,13.324735,13.833346,9.629155,13.0995455,5.507115,3.3461483
2008-06-30,4.388253,16.967125,10.83699,13.452944,15.28155,22.826532,12.409635,5.7574925
2008-07-31,0.37275696,1.2085534,0.36369628,0.62533146,2.0349793,1.2886686,1.2890669,1.845208
2008-08-31,2.2373657,2.4064817,2.6073427,4.104467,5.357196,3.925451,3.47307,3.7335484
2008-09-30,8.898721,27.848433,28.373402,13.792334,19.661928,8.272253,8.115855,11.012507
2008-10-31,31.097843,45.58726,47.76345,43.411858,45.873486,57.538235,33.161175,24.33704
2008-11-30,26.710583,43.34363,38.19311,36.0786,49.21537,56.94148,43.046345,35.807438
2008-12-31,56.532875,92.603874,80.21619,59.017727,96.94569,166.43736,127.87168,93.04517
2009-01-31,52.57299,212.53052,141.03142,104.0148,127.85883,266.16302,108.88614,132.5972
2009-02-28,103.75864,200.61618,237.48193,166.6977,134.8201,262.39954,174.29863,144.90012
2009-03-31,56.60524,171.18088,151.33588,130.24237,108.55224,205.49951,110.44507,124.681404
2009-04-30,18.615488,61.69074,54.477444,40.8928,22.742506,134.08914,35.001354,27.923557
2009-05-31,5.309672,25.859268,12.3317175,16.786333,15.5192585,17.872513,9.873065,7.995098
2009-06-30,4.0064692,12.369482,5.3386235,5.1717625,4.0613966,4.4296236,2.087679,1.2218751
2009-07-31,2.5461235,8.995395,6.313046,7.2511625,13.340065,32.802803,14.808591,11.241633
2009-08-31,4.231503,7.3066907,3.7150474,6.3387566,7.2770786,4.851291,3.6899016,4.203218
2009-09-30,9.670745,36.398354,36.858963,20.813093,21.258764,14.513363,14.85757,13.374724
2009-10-31,20.99347,46.816696,43.81052,55.338097,68.076836,83.14513,57.713284,59.798183
2009-11-30,29.995047,78.89165,58.168716,68.63551,128.05025,132.9805,107.96297,97.78736
2009-12-31,56.530884,115.73227,78.38485,66.40082,127.64149,185.0866,117.77946,92.56036
2010-01-31,34.15458,292.14066,134.77574,94.5001,150.8301,489.92783,131.0852,145.44327
2010-02-28,83.934586,143.14484,223.62094,148.20619,122.79664,270.45673,188.13106,162.79346
2010-03-31,51.360096,215.62761,134.645,150.96619,162.26735,152.92535,99.903725,142.0793
2010-04-30,20.240425,52.59294,59.32253,54.575233,29.930044,125.087776,44.61464,35.119194
2010-05-31,4.7630625,14.316991,15.299241,17.22799,11.444408,28.167156,11.524464,5.3305097
2010-06-30,3.0849652,9.689187,4.764494,6.4269032,9.599224,3.2069068,3.8143754,3.8115842
2010-07-31,1.352892,1.7943258,0.9809001,0.50889826,0.7664422,1.4105991,0.6190181,1.0168285
2010-08-31,6.9688077,7.8412967,10.029936,8.044577,6.046519,8.117286,4.71708,4.47418
2010-09-30,11.460367,23.25261,39.593704,11.583998,11.713827,16.149689,9.194348,8.945419
2010-10-31,49.03776,61.8555,68.005264,58.342014,50.41878,79.16033,45.508827,37.546303
2010-11-30,21.543077,35.311676,22.47111,23.207132,41.676586,36.911648,32.701855,33.007633
2010-12-31,113.98625,172.1674,117.01712,86.92794,120.870186,233.12279,158.06108,124.800446
2011-01-31,60.65352,326.08475,173.51816,134.62245,160.30916,513.5157,183.55295,163.04897
2011-02-28,102.97237,230.9203,245.14575,173.74013,159.00995,337.44122,259.1059,235.87613
2011-03-31,33.894375,342.56558,169.18214,143.71216,136.14801,230.617,72.32937,76.690506
2011-04-30,19.722698,58.956425,59.142918,54.83867,36.857803,151.3667,62.500557,54.247856
2011-05-31,5.6652226,17.038134,13.477959,12.802273,9.658187,22.415781,8.739173,4.436668
2011-06-30,0.39663363,2.0686662,0.6292345,0.37003824,0.63765633,0.8797825,0.4417327,0.33233064
2011-07-31,4.725784,8.654682,8.80207,6.4734006,7.032056,22.868587,10.007678,6.010855
2011-08-31,2.4036198,2.852893,2.3018684,3.0618863,4.0110154,2.730547,2.2300727,2.1049738
2011-09-30,8.2335205,23.336899,38.11805,14.302312,17.531338,47.389496,21.064241,11.64048
2011-10-31,30.653954,41.56604,40.45338,29.483519,26.347399,55.946384,16.292547,11.89534
2011-11-30,29.747093,56.28501,43.169697,42.447407,67.97757,72.26604,56.214672,50.410385
2011-12-31,78.288216,141.47935,100.918816,90.11067,126.621445,187.40259,151.06683,127.987595
2012-01-31,38.81593,213.04857,135.04202,81.00046,112.5755,330.90198,107.34043,103.264244
2012-02-29,118.64226,213.18658,326.02045,195.52332,144.7353,461.0341,283.37784,213.20001
2012-03-31,37.743927,147.71536,173.72734,148.31383,143.53027,271.03497,136.60568,183.90092
2012-04-30,24.28811,81.94095,72.80461,66.61658,44.937664,195.17987,74.78996,62.318043
2012-05-31,2.4028099,11.211993,7.0630198,7.001186,5.182057,6.935426,3.692897,3.7044382
2012-06-30,2.3594244,12.670846,3.1422215,4.0565767,4.7423186,10.482376,2.9937043,1.5463927
2012-07-31,2.991497,5.5461144,3.7257395,2.8215408,2.8377748,7.2882385,3.2479527,2.2209437
2012-08-31,1.6237392,1.8709102,1.6571438,1.5037245,1.6018976,2.0543904,0.9826311,0.998799
2012-09-30,20.81629,59.780643,84.625694,31.279999,26.708418,31.230965,11.939083,12.872024
2012-10-31,19.807896,32.121918,26.146723,24.619846,32.73288,34.050568,19.570936,19.644987
2012-11-30,21.760653,41.547787,28.170588,27.606846,50.827568,34.419857,22.50172,22.008923
2012-12-31,109.09483,188.8527,138.66518,105.490036,157.34755,312.4078,186.27846,137.5982
2013-01-31,33.431973,212.2247,113.73271,86.70132,124.78456,312.00955,102.65413,117.30817
2013-02-28,63.869667,126.90006,154.91342,106.41848,109.38425,184.46301,133.89577,133.77223
2013-03-31,69.587105,222.42502,152.67812,161.28587,201.39604,177.95433,126.18715,195.37216
2013-04-30,7.271558,19.969275,30.662716,22.829235,10.76245,47.496178,11.290116,11.0661745
2013-05-31,13.95271,35.54574,24.580751,43.16486,26.295303,47.95667,30.421824,14.339913
2013-06-30,4.5945754,12.562617,9.360066,8.5060835,7.306839,19.401283,8.017869,4.0021553
2013-07-31,1.7993954,4.4798555,4.1511736,3.3740501,5.400647,10.911295,5.698419,4.6520452
2013-08-31,7.3185434,17.535744,17.489897,17.216465,18.959293,30.188038,12.121875,7.3554773
2013-09-30,17.24149,49.840515,52.52505,40.830013,47.68494,25.382528,25.783743,22.63504
2013-10-31,40.740288,75.01419,64.387436,62.701508,74.56848,67.88,44.828957,49.274834
2013-11-30,17.786207,36.06511,32.183064,35.6216,53.06564,53.108585,51.262947,43.908665
2013-12-31,72.16937,114.486244,101.44878,77.21675,113.68161,195.8895,141.97408,109.12335
2014-01-31,46.427086,298.54346,148.21892,110.04841,170.24117,415.42587,141.5929,178.9189
2014-02-28,84.61938,181.25375,171.96007,131.06702,116.64432,193.03687,129.56644,96.93716
2014-03-31,79.064674,446.78693,261.11035,258.78662,251.20737,233.47252,119.09909,152.15794
2014-04-30,12.87135,41.94087,45.44606,39.741997,21.409601,89.8536,32.714336,26.263136
2014-05-31,6.8147497,25.226002,16.198032,30.832338,15.5933075,30.040642,13.10848,7.8688097
2014-06-30,2.8828614,8.885657,2.9863815,4.3605924,4.0055566,3.1287875,2.607139,1.6612841
2014-07-31,1.4614025,2.6941283,3.9239821,2.319988,3.371519,16.165976,5.1507,3.1272013
2014-08-31,1.6456023,4.500264,3.4426699,5.0444736,10.112563,6.1776423,6.4843774,5.2313194
2014-09-30,15.449904,44.795498,75.34993,47.141056,43.000023,65.38005,41.367046,23.280064
2014-10-31,26.013433,47.842117,45.631023,43.54509,53.038734,76.52166,47.569836,43.530647
2014-11-30,32.23563,51.9614,45.579453,41.407932,49.259464,48.273174,38.034824,35.68323
2014-12-31,37.514595,60.569412,62.76317,49.905056,82.481895,142.55,97.97103,93.02296
2015-01-31,51.116398,243.23018,146.79254,118.44271,155.33522,327.00192,132.00621,163.53706
2015-02-28,88.84978,175.48846,173.3948,126.88337,105.654755,214.765,142.69333,113.02842
2015-03-31,64.88294,225.008,157.75342,157.62202,131.50069,175.13647,101.19871,104.14657
2015-04-30,13.149876,24.173384,47.450127,27.423317,14.400879,88.89546,25.04073,22.261967
2015-05-31,5.514106,18.069384,16.931696,25.314745,13.656395,28.399342,12.861294,7.960813
2015-06-30,6.506762,17.825228,8.904106,9.333264,8.068684,7.739079,4.6446857,3.4060297
2015-07-31,5.5959706,8.975542,9.419392,5.758755,4.463206,14.258177,6.001552,3.7647576
2015-08-31,4.861624,9.502534,11.6116495,9.636179,10.154458,23.209265,8.865444,5.294715
2015-09-30,7.1469693,16.824587,19.115246,11.641982,17.63095,8.503372,8.407945,8.849491
2015-10-31,9.617306,18.8714,23.039818,21.488533,29.03128,43.41152,20.74079,16.958828
2015-11-30,33.345337,47.36407,45.738804,36.74914,45.950085,61.8504,42.937176,33.72141
2015-12-31,71.41257,123.705894,94.00363,76.63426,104.50212,161.84946,113.05978,72.1021
2016-01-31,29.695477,140.65804,93.7272,62.96516,75.81715,127.35547,48.187664,72.92881
2016-02-29,73.4026,147.25845,157.6649,110.210526,98.279915,224.23405,159.69308,155.22675
2016-03-31,50.468678,157.76271,140.48549,125.1584,103.265915,110.17579,58.84468,93.40128
2016-04-30,9.197023,36.72094,32.026882,29.774076,20.961742,74.74739,24.881466,19.90143
2016-05-31,1.2968127,4.262268,5.216134,7.6624374,5.0372148,16.451468,4.99258,2.9541807
2016-06-30,3.9416056,11.0795765,9.582316,9.360719,8.633691,15.969657,6.684218,3.75562
2016-07-31,6.7292566,10.133856,8.342652,5.898504,4.9480853,12.1685,5.607998,3.4948928
2016-08-31,4.545899,7.0622435,9.894412,10.037213,7.2817836,10.22107,5.2272367,4.0269737
2016-09-30,17.867306,32.114067,49.5131,18.744345,14.751935,18.091301,9.182207,9.535585
2016-10-31,20.746973,49.22701,34.702675,36.946014,44.791473,55.43,28.65765,20.744864
2016-11-30,14.183837,24.918728,20.666025,17.37535,23.271322,32.710114,22.03604,21.596453
2016-12-31,62.75024,91.82035,81.03388,60.96843,93.18068,133.30182,95.00995,83.667694
